Graph_size,Heuristic,Computation time
5,1,0.20356542599984095
5,2,0.16522380400056136
5,3,0.192325312000321
10,1,113.79525720399761
10,2,109.70418768400123
10,3,117.98960196999906
